{
  "21": {
    "soma": {
      "somaDiameter": 4.208180888365394e-05,
      "somaGleak": 3.9975024272143465
    },
    "peaks": {
      "peakIdx": [
        527,
        776,
        1027,
        1276,
        1529,
        1778,
        2026,
        2274,
        5025
      ],
      "peakTime": [
        0.10540000000000001,
        0.1552,
        0.2054,
        0.25520000000000004,
        0.3058,
        0.3556,
        0.4052,
        0.45480000000000004,
        1.0050000000000001
      ],
      "peakVolt": [
        -0.07048425078392029,
        -0.07136385142803192,
        -0.07157526165246964,
        -0.07245516031980515,
        -0.07297337055206299,
        -0.0726500004529953,
        -0.07274510711431503,
        -0.0728660300374031,
        -0.07234267145395279
      ]
    },
    "synapse": {
      "U": 0.28923352313704725,
      "tauR": 0.09727720891861782,
      "tauF": 0.23558548363791576,
      "tau": 0.027246634722029317,
      "cond": 0.1
    },
    "error": {
      "modelError": 0.0012309023500513292
    },
    "meta": {
      "type": "FS2",
      "experiment": "GBZ_CC_H20",
      "datafile": "DATA/YvonneJohansson2019/TH_Analysis_191001.h5"
    }
  },
  "23": {
    "soma": {
      "somaDiameter": 2.9772031640685195e-05,
      "somaGleak": 2.1061624537002164
    },
    "peaks": {
      "peakIdx": [
        528,
        778,
        1030,
        1280,
        1532,
        1783,
        2030,
        2282,
        5029
      ],
      "peakTime": [
        0.1056,
        0.15560000000000002,
        0.20600000000000002,
        0.256,
        0.3064,
        0.35660000000000003,
        0.406,
        0.45640000000000003,
        1.0058
      ],
      "peakVolt": [
        -0.07206093519926071,
        -0.07334257662296295,
        -0.07424725592136383,
        -0.07503984868526459,
        -0.07498437911272049,
        -0.07531522959470749,
        -0.07535156607627869,
        -0.07543359696865082,
        -0.07570155709981918
      ]
    },
    "synapse": {
      "U": 0.2569747189978247,
      "tauR": 1.1849332338570928,
      "tauF": 0.011513456069346286,
      "tau": 0.4926301100795854,
      "cond": 0.04063189851776556
    },
    "error": {
      "modelError": 0.0008960013298186591
    },
    "meta": {
      "type": "FS5",
      "experiment": "GBZ_CC_H20",
      "datafile": "DATA/YvonneJohansson2019/TH_Analysis_191001.h5"
    }
  },
  "27": {
    "soma": {
      "somaDiameter": 1.915450442672694e-05,
      "somaGleak": 30.0
    },
    "peaks": {
      "peakIdx": [
        527,
        777,
        1027,
        1279,
        1529,
        1781,
        2030,
        2282,
        5030
      ],
      "peakTime": [
        0.10540000000000001,
        0.1554,
        0.2054,
        0.2558,
        0.3058,
        0.3562,
        0.406,
        0.45640000000000003,
        1.006
      ],
      "peakVolt": [
        -0.07378190755844116,
        -0.07388124614953995,
        -0.07376152276992798,
        -0.07380658388137817,
        -0.07394605875015259,
        -0.07406742870807648,
        -0.07396809756755829,
        -0.0737944096326828,
        -0.07463782280683517
      ]
    },
    "synapse": {
      "U": 0.04442460539319324,
      "tauR": 0.159728841059089,
      "tauF": 0.047587136595669564,
      "tau": 0.15184286316108284,
      "cond": 0.08811914163986653
    },
    "error": {
      "modelError": 0.0004417434849165478
    },
    "meta": {
      "type": "FS9",
      "experiment": "GBZ_CC_H20",
			"datafile": "DATA/YvonneJohansson2019/TH_Analysis_191001.h5"
		}
	}
}
