{
    "1": {
        "synapse": {
            "tau1_ampa": 0.0011,
            "tau2_ampa": 0.004,
            "tau1_nmda": 0.00276,
            "tau2_nmda": 0.1155,
            "U": 0.95,
            "cond": 0.5,
            "failRate": 0.5800000000000001,
            "nmda_ratio": 1,
            "tau": 0.01,
            "tauF": 0.2,
            "tauR": 0.001
        }
    }
}