{
    "p1eaef4d8": {
        "mf3a4f1e1": {
            "morphology": "md_20170412_th_cre_slice_6_corrected_mod_manualcheck.swc",
            "axon_stump0": { "axon_length": [26.26839578365251e-6, 84.83259475903913e-6],
    			    "axon_diameter": [1.294695359500809e-6, 1e-6],
    			    "axon_nseg_frequency": 40
            	},
    	    "axon_stump": {
		"axon_length": [26.26839578365251e-6],
		"axon_diameter": [1.294695359500809e-6],
		"axon_myelin_length": [84.83259475903913e-6],
		"axon_myelin_diameter": [1e-6]
	    }
        }
    }
}
