{
    "lts_morp_9862_centered_no_axon_resampled-var0": {
        "dend": {
            "area": 9693.950073218663,
            "breadth": 3,
            "contrac": 0.9271229515129094,
            "degree": 2,
            "diam": 2.4099023024995416,
            "length": 1353.5609693952983,
            "nbranch": 5,
            "nstem": 4,
            "nterm": 9,
            "order": 3,
            "seclen": 96.68292638537845,
            "volume": 7364.196415274821,
            "xdim": 348.405,
            "ydim": 357.791,
            "zdim": 95.081
        },
        "soma": {
            "area": 614.0310177596772,
            "diam": 13.98042,
            "volume": 1430.735253551291,
            "xroot": 0.0,
            "yroot": 0.0,
            "zroot": 0.0
        }
    },
    "lts_morp_9862_centered_no_axon_resampled-var1": {
        "dend": {
            "area": 10539.847449081695,
            "breadth": 3,
            "contrac": 0.9302754293180405,
            "degree": 2,
            "diam": 2.411171786218913,
            "length": 1478.2368132172378,
            "nbranch": 5,
            "nstem": 4,
            "nterm": 9,
            "order": 3,
            "seclen": 105.58834380123128,
            "volume": 7932.513700414194,
            "xdim": 396.31899999999996,
            "ydim": 195.1551,
            "zdim": 336.00239999999997
        },
        "soma": {
            "area": 614.0310177596772,
            "diam": 13.98042,
            "volume": 1430.735253551291,
            "xroot": 0.0,
            "yroot": 0.0,
            "zroot": 0.0
        }
    },
    "lts_morp_9862_centered_no_axon_resampled-var2": {
        "dend": {
            "area": 8787.104229256967,
            "breadth": 3,
            "contrac": 0.9307107177785268,
            "degree": 2,
            "diam": 2.420357131564496,
            "length": 1216.475996847361,
            "nbranch": 5,
            "nstem": 4,
            "nterm": 9,
            "order": 3,
            "seclen": 86.89114263195437,
            "volume": 6795.20312525762,
            "xdim": 257.1705,
            "ydim": 238.465,
            "zdim": 284.974
        },
        "soma": {
            "area": 614.0310177596772,
            "diam": 13.98042,
            "volume": 1430.735253551291,
            "xroot": 0.0,
            "yroot": 0.0,
            "zroot": 0.0
        }
    },
    "lts_morp_9862_centered_no_axon_resampled-var3": {
        "dend": {
            "area": 11415.870047835691,
            "breadth": 3,
            "contrac": 0.9303515351656879,
            "degree": 2,
            "diam": 2.410129850961848,
            "length": 1609.1277959047266,
            "nbranch": 5,
            "nstem": 4,
            "nterm": 9,
            "order": 3,
            "seclen": 114.93769970748046,
            "volume": 8508.13621491078,
            "xdim": 367.304,
            "ydim": 433.94899999999996,
            "zdim": 271.55310000000003
        },
        "soma": {
            "area": 614.0310177596772,
            "diam": 13.98042,
            "volume": 1430.735253551291,
            "xroot": 0.0,
            "yroot": 0.0,
            "zroot": 0.0
        }
    },
    "lts_morp_9862_centered_no_axon_resampled-var4": {
        "dend": {
            "area": 7912.768357854868,
            "breadth": 3,
            "contrac": 0.9314461121923336,
            "degree": 2,
            "diam": 2.4272793331104445,
            "length": 1085.0159260294488,
            "nbranch": 5,
            "nstem": 4,
            "nterm": 9,
            "order": 3,
            "seclen": 77.50113757353206,
            "volume": 6239.125597877175,
            "xdim": 271.83000000000004,
            "ydim": 274.6662,
            "zdim": 186.501
        },
        "soma": {
            "area": 614.0310177596772,
            "diam": 13.98042,
            "volume": 1430.735253551291,
            "xroot": 0.0,
            "yroot": 0.0,
            "zroot": 0.0
        }
    },
    "lts_morp_9862_centered_no_axon_resampled-var5": {
        "dend": {
            "area": 12297.436112352714,
            "breadth": 3,
            "contrac": 0.9301871467699293,
            "degree": 2,
            "diam": 2.4079374116692627,
            "length": 1740.0793089041633,
            "nbranch": 5,
            "nstem": 4,
            "nterm": 9,
            "order": 3,
            "seclen": 124.29137920744024,
            "volume": 9081.758813424762,
            "xdim": 315.04600000000005,
            "ydim": 317.99,
            "zdim": 369.525
        },
        "soma": {
            "area": 614.0310177596772,
            "diam": 13.98042,
            "volume": 1430.735253551291,
            "xroot": 0.0,
            "yroot": 0.0,
            "zroot": 0.0
        }
    },
    "lts_morp_9862_centered_no_axon_resampled-var6": {
        "dend": {
            "area": 7044.473670049734,
            "breadth": 3,
            "contrac": 0.9316526493796952,
            "degree": 2,
            "diam": 2.4401773187866804,
            "length": 954.5375798265924,
            "nbranch": 5,
            "nstem": 4,
            "nterm": 9,
            "order": 3,
            "seclen": 68.18125570189946,
            "volume": 5675.949737862411,
            "xdim": 234.48000000000002,
            "ydim": 147.2463,
            "zdim": 178.8334
        },
        "soma": {
            "area": 614.0310177596772,
            "diam": 13.98042,
            "volume": 1430.735253551291,
            "xroot": 0.0,
            "yroot": 0.0,
            "zroot": 0.0
        }
    },
    "lts_morp_9862_centered_no_axon_resampled-var7": {
        "dend": {
            "area": 13175.466811654172,
            "breadth": 3,
            "contrac": 0.9300273627671255,
            "degree": 2,
            "diam": 2.404115733229547,
            "length": 1871.1916836966072,
            "nbranch": 5,
            "nstem": 4,
            "nterm": 9,
            "order": 3,
            "seclen": 133.65654883547194,
            "volume": 9649.222700647084,
            "xdim": 457.911,
            "ydim": 382.31100000000004,
            "zdim": 384.77
        },
        "soma": {
            "area": 614.0310177596772,
            "diam": 13.98042,
            "volume": 1430.735253551291,
            "xroot": 0.0,
            "yroot": 0.0,
            "zroot": 0.0
        }
    },
    "lts_morp_9862_centered_no_axon_resampled-var8": {
        "dend": {
            "area": 6169.9971995411,
            "breadth": 3,
            "contrac": 0.9322061117283136,
            "degree": 2,
            "diam": 2.4508017934089668,
            "length": 823.5499624860769,
            "nbranch": 5,
            "nstem": 4,
            "nterm": 9,
            "order": 3,
            "seclen": 58.824997320434065,
            "volume": 5103.564346460352,
            "xdim": 238.6783,
            "ydim": 107.0296,
            "zdim": 129.22039999999998
        },
        "soma": {
            "area": 614.0310177596772,
            "diam": 13.98042,
            "volume": 1430.735253551291,
            "xroot": 0.0,
            "yroot": 0.0,
            "zroot": 0.0
        }
    }
}