{
  "metadata": {
    "input_region": "M1-contra",
    "cell_type": "FS"
  },
  "data": {
    "tau1_ampa": 1.0014862968601228,
    "tau2_ampa": 4.718032302339598,
    "tau3_ampa": 75.87468483319002,
    "I2_ampa": -2.5009082189029646,
    "I3_ampa": -0.042287134167421726,
    "tpeak_ampa": 1.9898131491700959,
    "factor_ampa": -0.7502986015835929,
    "tau1_nmda": 0,
    "tau2_nmda": 0,
    "tau3_nmda": 0,
    "I2_nmda": 0,
    "I3_nmda": 0,
    "tpeak_nmda": 0,
    "factor_nmda": 0,
    "nmda_ratio": 0
  }
}