{
  "metadata": {
    "input_region": "M1-ipsi",
    "cell_type": "FS"
  },
  "data": {
    "tau1_ampa": 0.7283535981384717,
    "tau2_ampa": 3.7563201085522717,
    "tau3_ampa": 147.57869134476385,
    "I2_ampa": -2.4890423027607746,
    "I3_ampa": -0.04857275300998543,
    "tpeak_ampa": 1.4989972883967029,
    "factor_ampa": -0.7173346428454036,
    "tau1_nmda": 1.0014861974403986,
    "tau2_nmda": 32.182384541489824,
    "tau3_nmda": 168.66054177045075,
    "I2_nmda": 0.7378889532056572,
    "I3_nmda": 0.4069409651338096,
    "tpeak_nmda": 3.927119453696292,
    "factor_nmda": 0.9727500001372612,
    "nmda_ratio": 0.057799
  }
}