{
  "metadata": {
    "input_region": "PF",
    "cell_type": "dSPN"
  },
  "data": {
    "tau1_ampa": 1.6387956771368475,
    "tau2_ampa": 11.00427171747666,
    "tau3_ampa": 153.82445519466341,
    "I2_ampa": -1.611035073952238,
    "I3_ampa": -0.15944694431182155,
    "tpeak_ampa": 3.8298613033901625,
    "factor_ampa": -0.8912828910095417,
    "tau1_nmda": 1.7298398814222278,
    "tau2_nmda": 44.96705376604398,
    "tau3_nmda": 273.8233109341168,
    "I2_nmda": 0.583221401608294,
    "I3_nmda": 0.5203944633769049,
    "tpeak_nmda": 6.732127630347775,
    "factor_nmda": 1.0128019749156887,
    "nmda_ratio": 1.022296
  }
}