{
  "metadata": {
    "input_region": "PF",
    "cell_type": "FS"
  },
  "data": {
    "tau1_ampa": 0.9104419073720226,
    "tau2_ampa": 4.090959466076639,
    "tau3_ampa": 144.95057511782903,
    "I2_ampa": -2.7138536312025385,
    "I3_ampa": -0.03576061343326203,
    "tpeak_ampa": 1.774308924266645,
    "factor_ampa": -0.7130048524031881,
    "tau1_nmda": 0,
    "tau2_nmda": 0,
    "tau3_nmda": 0,
    "I2_nmda": 0,
    "I3_nmda": 0,
    "tpeak_nmda": 0,
    "factor_nmda": 0,
    "nmda_ratio": 0
  }
}