{
  "metadata": {
    "input_region": "S1",
    "cell_type": "FS"
  },
  "data": {
    "tau1_ampa": 0.7283535981384717,
    "tau2_ampa": 4.567381795853217,
    "tau3_ampa": 150.8604003688441,
    "I2_ampa": -1.8416410281977196,
    "I3_ampa": -0.04443040138552762,
    "tpeak_ampa": 1.610654095646508,
    "factor_ampa": -0.8836307747646479,
    "tau1_nmda": 1.2746187967423255,
    "tau2_nmda": 32.75409052800706,
    "tau3_nmda": 297.0318644546129,
    "I2_nmda": 0.9205348166479966,
    "I3_nmda": 0.2617285428093952,
    "tpeak_nmda": 4.591020815176318,
    "factor_nmda": 0.9750271514537392,
    "nmda_ratio": 0.131538
  }
}