{
  "metadata": {
    "input_region": "S1",
    "cell_type": "FS"
  },
  "data": {
    "tau1_ampa": 0.7283535981384717,
    "tau_d_sing_ampa": 5.403190756924882,
    "tp_single_ampa": 1.6869987562702258,
    "fact_single_ampa": 1.579357345356212,
    "tau_d_w_ampa": 8.013623244160753,
    "tp_w_ampa": 1.9212989972816896,
    "fact_w_ampa": 1.397999997687527,
    "tau1_nmda": 1.2746187967423255,
    "tau_d_sing_nmda": 98.55327737950174,
    "tp_single_nmda": 5.614594186900942,
    "fact_single_nmda": 1.0724950988439734,
    "tau_d_w_nmda": 91.25969953267054,
    "tp_w_nmda": 5.521088781214766,
    "fact_w_nmda": 1.0774143482426901,
    "nmda_ratio": 0.131538
  }
}