{
  "metadata": {
    "input_region": "S1",
    "cell_type": "iSPN"
  },
  "data": {
    "tau1_ampa": 1.2746187335175003,
    "tau2_ampa": 5.774298245945902,
    "tau3_ampa": 182.51791775639074,
    "I2_ampa": -2.1705070440356184,
    "I3_ampa": -0.06588841291461636,
    "tpeak_ampa": 2.517653253004208,
    "factor_ampa": -0.8634064842087118,
    "tau1_nmda": 2.002972295527501,
    "tau2_nmda": 36.645603413800664,
    "tau3_nmda": 220.4428681890446,
    "I2_nmda": 0.7347833648629248,
    "I3_nmda": 0.4665321832814352,
    "tpeak_nmda": 6.953172278306241,
    "factor_nmda": 0.9779838971259903,
    "nmda_ratio": 0.267466
  }
}