{
  "metadata": {
    "input_region": "M1-contra",
    "cell_type": "dSPN"
  },
  "data": {
    "tau1_ampa": 0.8193977979057806,
    "tau2_ampa": 4.430538026327267,
    "tau3_ampa": 119.18451753475263,
    "I2_ampa": -1.984886433113801,
    "I3_ampa": -0.04839990356917725,
    "tpeak_ampa": 1.7195920023945026,
    "factor_ampa": -0.8735331074317397,
    "tau1_nmda": 1.5477513960442524,
    "tau2_nmda": 34.33734475322675,
    "tau3_nmda": 214.69029133726954,
    "I2_nmda": 0.8542139679431154,
    "I3_nmda": 0.2857750890503952,
    "tpeak_nmda": 5.39527957969811,
    "factor_nmda": 1.0269290053726623,
    "nmda_ratio": 0.310447
  }
}