{
  "metadata": {
    "input_region": "M1-contra",
    "cell_type": "iSPN"
  },
  "data": {
    "test_my_fitting_ampa": 0.005391203098237459,
    "test_single_fitting_ampa": 0.011000020944241294,
    "test_w_fitting_ampa": 0.013865854612964287,
    "test_my_fitting_nmda": 0.006276401979300503,
    "test_single_fitting_nmda": 0.039405411185402014,
    "test_w_fitting_nmda": 0.04263038732591721
  }
}