{
  "metadata": {
    "input_region": "M1-contra",
    "cell_type": "iSPN"
  },
  "data": {
    "tau1_ampa": 0.8193977979057806,
    "tau_d_sing_ampa": 5.505031371977909,
    "tp_single_ampa": 1.8337773749913058,
    "fact_single_ampa": 1.63930220950637,
    "tau_d_w_ampa": 7.4738101402083155,
    "tp_w_ampa": 2.034395797993938,
    "fact_w_ampa": 1.474513470961359,
    "tau1_nmda": 1.5477513960442524,
    "tau_d_sing_nmda": 114.85629371759104,
    "tp_single_nmda": 6.757032009569508,
    "fact_single_nmda": 1.0750825850283365,
    "tau_d_w_nmda": 92.70637790907419,
    "tp_w_nmda": 6.441929427700029,
    "fact_w_nmda": 1.0901590262508638,
    "nmda_ratio": 0.336378
  }
}