{
  "metadata": {
    "input_region": "M1-contra",
    "cell_type": "iSPN"
  },
  "data": {
    "tau1_ampa": 0.8193977979057806,
    "tau2_ampa": 4.792650978238684,
    "tau3_ampa": 138.83447141611094,
    "I2_ampa": -1.9953048025069342,
    "I3_ampa": -0.040725508688839486,
    "tpeak_ampa": 1.7647240887130127,
    "factor_ampa": -0.8441622432382506,
    "tau1_nmda": 1.5477513960442524,
    "tau2_nmda": 29.47215129469321,
    "tau3_nmda": 223.27377357850003,
    "I2_nmda": 0.7955102218438947,
    "I3_nmda": 0.3852682532530174,
    "tpeak_nmda": 5.340749442630997,
    "factor_nmda": 0.9976436318744079,
    "nmda_ratio": 0.336378
  }
}