{
  "metadata": {
    "input_region": "M1-contra",
    "cell_type": "dSPN"
  },
  "data": {
    "test_my_fitting_ampa": 0.004972914547655547,
    "test_single_fitting_ampa": 0.0114813201414158,
    "test_w_fitting_ampa": 0.01369544992566123,
    "test_my_fitting_nmda": 0.009339601426171547,
    "test_single_fitting_nmda": 0.03393320242916156,
    "test_w_fitting_nmda": 0.0340958344559501
  }
}