{
  "metadata": {
    "input_region": "M1-contra",
    "cell_type": "FS"
  },
  "data": {
    "tau1_ampa": 1.0014862968601228,
    "tau_d_sing_ampa": 5.355328340471228,
    "tp_single_ampa": 2.0653310523062927,
    "fact_single_ampa": 1.8088520592565969,
    "tau_d_w_ampa": 5.901193835268606,
    "tp_w_ampa": 2.1393775147374665,
    "fact_w_ampa": 1.730676131842935,
    "tau1_nmda": 0,
    "tau_d_sing_nmda": 0,
    "tp_single_nmda": 0,
    "fact_single_nmda": 0,
    "tau_d_w_nmda": 0,
    "tp_w_nmda": 0,
    "fact_w_nmda": 0,
    "nmda_ratio": 0
  }
}