{
  "metadata": {
    "input_region": "M1-contra",
    "cell_type": "dSPN"
  },
  "data": {
    "tau1_ampa": 0.8193977979057806,
    "tau_d_sing_ampa": 5.299046961738903,
    "tp_single_ampa": 1.809364288664095,
    "fact_single_ampa": 1.664347478412372,
    "tau_d_w_ampa": 7.162116674245511,
    "tp_w_ampa": 2.0059413406856237,
    "fact_w_ampa": 1.4941756473612138,
    "tau1_nmda": 1.5477513960442524,
    "tau_d_sing_nmda": 83.31283975876747,
    "tp_single_nmda": 6.285801776314952,
    "fact_single_nmda": 1.0987800203615863,
    "tau_d_w_nmda": 79.54863883921165,
    "tp_w_nmda": 6.218458427620078,
    "fact_w_nmda": 1.1027645096947787,
    "nmda_ratio": 0.310447
  }
}