{
  "metadata": {
    "input_region": "M1-ipsi",
    "cell_type": "LTS"
  },
  "data": {
    "test_my_fitting_ampa": 0.004541078043443173,
    "test_single_fitting_ampa": 0.032279414385539495,
    "test_w_fitting_ampa": 0.033852855973017536,
    "test_my_fitting_nmda": 0.005293651556274766,
    "test_single_fitting_nmda": 0.038717203706769,
    "test_w_fitting_nmda": 0.04791013832114327
  }
}