{
  "metadata": {
    "input_region": "M1-ipsi",
    "cell_type": "ChIN"
  },
  "data": {
    "test_my_fitting_ampa": 0.04380092852066506,
    "test_single_fitting_ampa": 0.0475123167939961,
    "test_w_fitting_ampa": 0.04798690792767881,
    "test_my_fitting_nmda": 0.006914342174734757,
    "test_single_fitting_nmda": 0.029735018784222536,
    "test_w_fitting_nmda": 0.054627362441128924
  }
}