{
  "metadata": {
    "input_region": "M1-ipsi",
    "cell_type": "FS"
  },
  "data": {
    "tau1_ampa": 0.7283535981384717,
    "tau_d_sing_ampa": 4.47589221160024,
    "tp_single_ampa": 1.5794785423763174,
    "fact_single_ampa": 1.6997687214580681,
    "tau_d_w_ampa": 6.509239035117861,
    "tp_w_ampa": 1.7962225985880333,
    "fact_w_ampa": 1.4838134110511767,
    "tau1_nmda": 1.0014861974403986,
    "tau_d_sing_nmda": 89.63316609191091,
    "tp_single_nmda": 4.551777405262747,
    "fact_single_nmda": 1.0639818620797534,
    "tau_d_w_nmda": 80.6948782120113,
    "tp_w_nmda": 4.450952991607101,
    "fact_w_nmda": 1.06998673192528,
    "nmda_ratio": 0.057799
  }
}