{
  "metadata": {
    "input_region": "M1-ipsi",
    "cell_type": "iSPN"
  },
  "data": {
    "test_my_fitting_ampa": 0.003265042313168394,
    "test_single_fitting_ampa": 0.012099808295525732,
    "test_w_fitting_ampa": 0.014516481876057573,
    "test_my_fitting_nmda": 0.004709688433476055,
    "test_single_fitting_nmda": 0.030557679232940203,
    "test_w_fitting_nmda": 0.031567643382111044
  }
}