{
  "metadata": {
    "input_region": "M1-ipsi",
    "cell_type": "ChIN"
  },
  "data": {
    "tau1_ampa": 0.6373095566447269,
    "tau2_ampa": 5.207436492722751,
    "tau3_ampa": 42.593636485522325,
    "I2_ampa": -1.562224966306146,
    "I3_ampa": -0.2933019362842492,
    "tpeak_ampa": 1.6287468824216509,
    "factor_ampa": -0.7807198901996919,
    "tau1_nmda": 4.643255341268725,
    "tau2_nmda": 27.855588250466408,
    "tau3_nmda": 259.73668880089275,
    "I2_nmda": 0.6565146239590899,
    "I3_nmda": 0.6490488391872079,
    "tpeak_nmda": 12.982945624331931,
    "factor_nmda": 1.0530356239672725,
    "nmda_ratio": 1.585097
  }
}