{
  "metadata": {
    "input_region": "M1-ipsi",
    "cell_type": "FS"
  },
  "data": {
    "test_my_fitting_ampa": 0.004002437704745365,
    "test_single_fitting_ampa": 0.012860987846944867,
    "test_w_fitting_ampa": 0.015685245874963078,
    "test_my_fitting_nmda": 0.02918272094655636,
    "test_single_fitting_nmda": 0.041606115049632054,
    "test_w_fitting_nmda": 0.042433311271351665
  }
}