{
  "metadata": {
    "input_region": "M1-ipsi",
    "cell_type": "LTS"
  },
  "data": {
    "tau1_ampa": 1.9119290505538398,
    "tau_d_sing_ampa": 16.491541058756315,
    "tp_single_ampa": 4.659946037988892,
    "fact_single_ampa": 1.5004863733172706,
    "tau_d_w_ampa": 22.236101641560374,
    "tp_w_ampa": 5.132418964812292,
    "fact_w_ampa": 1.3781209143876025,
    "tau1_nmda": 2.0029732910564038,
    "tau_d_sing_nmda": 225.50557647523348,
    "tp_single_nmda": 9.546260576212099,
    "fact_single_nmda": 1.0525907746955832,
    "tau_d_w_nmda": 178.64935058892695,
    "tp_w_nmda": 9.09692944798434,
    "fact_w_nmda": 1.0641705494854006,
    "nmda_ratio": 0.433313
  }
}