{
  "metadata": {
    "input_region": "M1-ipsi",
    "cell_type": "dSPN"
  },
  "data": {
    "test_my_fitting_ampa": 0.004788174602614134,
    "test_single_fitting_ampa": 0.010975126401781034,
    "test_w_fitting_ampa": 0.01256528913993653,
    "test_my_fitting_nmda": 0.0073750302480612255,
    "test_single_fitting_nmda": 0.032146362511381484,
    "test_w_fitting_nmda": 0.03389845893018802
  }
}