{
  "metadata": {
    "input_region": "M1-ipsi",
    "cell_type": "dSPN"
  },
  "data": {
    "tau1_ampa": 0.8193978385684236,
    "tau_d_sing_ampa": 6.071440125601838,
    "tp_single_ampa": 1.8971071541248177,
    "fact_single_ampa": 1.5800285792466304,
    "tau_d_w_ampa": 7.541435026612314,
    "tp_w_ampa": 2.0404324848094944,
    "fact_w_ampa": 1.4704730004487865,
    "tau1_nmda": 1.7298398814222276,
    "tau_d_sing_nmda": 93.88389133178087,
    "tp_single_nmda": 7.038722988831853,
    "fact_single_nmda": 1.0980872571585234,
    "tau_d_w_nmda": 81.81881357821776,
    "tp_w_nmda": 6.815178771827115,
    "fact_w_nmda": 1.1103385975796098,
    "nmda_ratio": 0.335517
  }
}