{
  "metadata": {
    "input_region": "M1-ipsi",
    "cell_type": "iSPN"
  },
  "data": {
    "tau1_ampa": 0.8193978385684237,
    "tau2_ampa": 4.220945857811144,
    "tau3_ampa": 117.55097297044821,
    "I2_ampa": -2.129343483541025,
    "I3_ampa": -0.05456366850151955,
    "tpeak_ampa": 1.6911058864500372,
    "factor_ampa": -0.8313083853966932,
    "tau1_nmda": 1.4567072685660865,
    "tau2_nmda": 33.80835545074972,
    "tau3_nmda": 190.4193427905267,
    "I2_nmda": 0.7740735289636635,
    "I3_nmda": 0.3641615256290839,
    "tpeak_nmda": 5.235883557333709,
    "factor_nmda": 1.014176323765923,
    "nmda_ratio": 0.306879
  }
}