{
  "metadata": {
    "input_region": "M1-ipsi",
    "cell_type": "LTS"
  },
  "data": {
    "tau1_ampa": 1.9119290505538398,
    "tau2_ampa": 10.136100100068273,
    "tau3_ampa": 225.41200518385793,
    "I2_ampa": -1.950771153395728,
    "I3_ampa": -0.11617683766457386,
    "tpeak_ampa": 4.0575503203244345,
    "factor_ampa": -0.8519358832328822,
    "tau1_nmda": 2.0029732910564038,
    "tau2_nmda": 45.897781256904004,
    "tau3_nmda": 327.44079561745843,
    "I2_nmda": 0.6007198040091716,
    "I3_nmda": 0.5359615639129646,
    "tpeak_nmda": 7.61260368418174,
    "factor_nmda": 0.9929089682805412,
    "nmda_ratio": 0.433313
  }
}