{
  "metadata": {
    "input_region": "M1-ipsi",
    "cell_type": "ChIN"
  },
  "data": {
    "tau1_ampa": 0.6373095566447269,
    "tau_d_sing_ampa": 14.341978154619234,
    "tp_single_ampa": 2.0766647859423957,
    "fact_single_ampa": 1.2095525321823768,
    "tau_d_w_ampa": 11.117049922965645,
    "tp_w_ampa": 1.9328605855857033,
    "fact_w_ampa": 1.2622560035548867,
    "tau1_nmda": 4.643255341268725,
    "tau_d_sing_nmda": 210.9465694791157,
    "tp_single_nmda": 18.11835332177436,
    "fact_single_nmda": 1.114212764094491,
    "tau_d_w_nmda": 143.13314058374965,
    "tp_w_nmda": 16.452468706965572,
    "fact_w_nmda": 1.1594238116080744,
    "nmda_ratio": 1.585097
  }
}