{
  "metadata": {
    "input_region": "M1-ipsi",
    "cell_type": "iSPN"
  },
  "data": {
    "tau1_ampa": 0.8193978385684237,
    "tau_d_sing_ampa": 5.122805377916159,
    "tp_single_ampa": 1.787829367458432,
    "fact_single_ampa": 1.6875693766967268,
    "tau_d_w_ampa": 7.052431630848115,
    "tp_w_ampa": 1.9956716308335651,
    "fact_w_ampa": 1.501531636871049,
    "tau1_nmda": 1.4567072685660865,
    "tau_d_sing_nmda": 92.86379710167505,
    "tp_single_nmda": 6.149009955033744,
    "fact_single_nmda": 1.0854842380318968,
    "tau_d_w_nmda": 83.9137330597452,
    "tp_w_nmda": 6.00924206674526,
    "fact_w_nmda": 1.0932163898275795,
    "nmda_ratio": 0.306879
  }
}