{
  "metadata": {
    "input_region": "PF",
    "cell_type": "ChIN"
  },
  "data": {
    "test_my_fitting_ampa": 0.010722575293976995,
    "test_single_fitting_ampa": 0.03692969261597393,
    "test_w_fitting_ampa": 0.03984981497673187,
    "test_my_fitting_nmda": 0.003132388974140574,
    "test_single_fitting_nmda": 0.03046994557675441,
    "test_w_fitting_nmda": 0.031852359921686196
  }
}