{
  "metadata": {
    "input_region": "PF",
    "cell_type": "ChIN"
  },
  "data": {
    "tau1_ampa": 1.0925305599307944,
    "tau_d_sing_ampa": 49.04889374970333,
    "tp_single_ampa": 4.251025654418757,
    "fact_single_ampa": 1.1153801398499597,
    "tau_d_w_ampa": 28.126982962027135,
    "tp_w_ampa": 3.6922092202879013,
    "fact_w_ampa": 1.1863562048615794,
    "tau1_nmda": 3.1865474664648166,
    "tau_d_sing_nmda": 213.8898019145848,
    "tp_single_nmda": 13.60700313645712,
    "fact_single_nmda": 1.081800797283208,
    "tau_d_w_nmda": 200.03644364566807,
    "tp_w_nmda": 13.404439820836286,
    "fact_w_nmda": 1.0866157690069835,
    "nmda_ratio": 1.312688
  }
}