{
  "metadata": {
    "input_region": "PF",
    "cell_type": "ChIN"
  },
  "data": {
    "tau1_ampa": 1.0925305599307944,
    "tau2_ampa": 7.459761102138896,
    "tau3_ampa": 149.3365540567084,
    "I2_ampa": -1.3325808290555772,
    "I3_ampa": -0.22721590243906667,
    "tpeak_ampa": 2.6452434379745178,
    "factor_ampa": -0.9809336458661432,
    "tau1_nmda": 3.1865474664648166,
    "tau2_nmda": 86.48460666419997,
    "tau3_nmda": 353.3275591967539,
    "I2_nmda": 0.6375457197167811,
    "I3_nmda": 0.4722679867221202,
    "tpeak_nmda": 12.147592779559403,
    "factor_nmda": 1.0144246562125752,
    "nmda_ratio": 1.312688
  }
}