{
  "metadata": {
    "input_region": "PF",
    "cell_type": "dSPN"
  },
  "data": {
    "test_my_fitting_ampa": 0.005652249268785529,
    "test_single_fitting_ampa": 0.02987256071464408,
    "test_w_fitting_ampa": 0.029916137536370763,
    "test_my_fitting_nmda": 0.005295666023532162,
    "test_single_fitting_nmda": 0.03437711752168949,
    "test_w_fitting_nmda": 0.03994815877618547
  }
}