{
  "metadata": {
    "input_region": "PF",
    "cell_type": "dSPN"
  },
  "data": {
    "tau1_ampa": 1.6387956771368475,
    "tau_d_sing_ampa": 22.760698418129877,
    "tp_single_ampa": 4.646333333589703,
    "fact_single_ampa": 1.3216265097206377,
    "tau_d_w_ampa": 23.866442361728218,
    "tp_w_ampa": 4.7131641747774164,
    "fact_w_ampa": 1.3081544519793984,
    "tau1_nmda": 1.7298398814222278,
    "tau_d_sing_nmda": 183.36049043707072,
    "tp_single_nmda": 8.143808440025005,
    "fact_single_nmda": 1.0553717451960811,
    "tau_d_w_nmda": 152.880988334789,
    "tp_w_nmda": 7.841226925690401,
    "fact_w_nmda": 1.0646745769494437,
    "nmda_ratio": 1.022296
  }
}