{
  "metadata": {
    "input_region": "PF",
    "cell_type": "FS"
  },
  "data": {
    "tau1_ampa": 0.9104419073720226,
    "tau_d_sing_ampa": 4.635281472478735,
    "tp_single_ampa": 1.8439437841311037,
    "fact_single_ampa": 1.8523949324776008,
    "tau_d_w_ampa": 5.922935087205056,
    "tp_w_ampa": 2.014622716849755,
    "fact_w_ampa": 1.660365798958707,
    "tau1_nmda": 0,
    "tau_d_sing_nmda": 0,
    "tp_single_nmda": 0,
    "fact_single_nmda": 0,
    "tau_d_w_nmda": 0,
    "tp_w_nmda": 0,
    "fact_w_nmda": 0,
    "nmda_ratio": 0
  }
}