{
  "metadata": {
    "input_region": "PF",
    "cell_type": "iSPN"
  },
  "data": {
    "tau1_ampa": 1.547751549692917,
    "tau_d_sing_ampa": 13.005606463824476,
    "tp_single_ampa": 3.739538052970587,
    "fact_single_ampa": 1.5132169081898867,
    "tau_d_w_ampa": 16.02152487235019,
    "tp_w_ampa": 4.0041115956943445,
    "fact_w_ampa": 1.4212199216330714,
    "tau1_nmda": 2.276105220136643,
    "tau_d_sing_nmda": 246.71433197823967,
    "tp_single_nmda": 10.764605730832654,
    "fact_single_nmda": 1.0543245797036191,
    "tau_d_w_nmda": 201.08647210734011,
    "tp_w_nmda": 10.316614530986628,
    "fact_w_nmda": 1.0646945537028933,
    "nmda_ratio": 1.218107
  }
}