{
  "metadata": {
    "input_region": "PF",
    "cell_type": "iSPN"
  },
  "data": {
    "tau1_ampa": 1.547751549692917,
    "tau2_ampa": 8.90405910914041,
    "tau3_ampa": 157.0067364383133,
    "I2_ampa": -2.0138050584239595,
    "I3_ampa": -0.10166448238016149,
    "tpeak_ampa": 3.362510156510663,
    "factor_ampa": -0.8071040095908257,
    "tau1_nmda": 2.276105220136643,
    "tau2_nmda": 54.197813172415366,
    "tau3_nmda": 373.3521168962607,
    "I2_nmda": 0.5994591858404981,
    "I3_nmda": 0.511150989459427,
    "tpeak_nmda": 8.681664494112038,
    "factor_nmda": 1.0145693467185757,
    "nmda_ratio": 1.218107
  }
}