{
  "metadata": {
    "input_region": "PF",
    "cell_type": "iSPN"
  },
  "data": {
    "test_my_fitting_ampa": 0.0049246228599789,
    "test_single_fitting_ampa": 0.02258935352931931,
    "test_w_fitting_ampa": 0.023698133188045947,
    "test_my_fitting_nmda": 0.005444865160035369,
    "test_single_fitting_nmda": 0.04036214530831848,
    "test_w_fitting_nmda": 0.047836737111050236
  }
}