{
  "metadata": {
    "input_region": "S1",
    "cell_type": "ChIN"
  },
  "data": {
    "test_my_fitting_ampa": 0.012614978826762326,
    "test_single_fitting_ampa": 0.024477005716213907,
    "test_w_fitting_ampa": 0.02497583540369322,
    "test_my_fitting_nmda": 0.013236030591770755,
    "test_single_fitting_nmda": 0.03780735311896168,
    "test_w_fitting_nmda": 0.039675828945217664
  }
}