{
  "metadata": {
    "input_region": "S1",
    "cell_type": "ChIN"
  },
  "data": {
    "tau1_ampa": 0.8193979606651489,
    "tau_d_sing_ampa": 8.66246305026055,
    "tp_single_ampa": 2.1341661901165745,
    "fact_single_ampa": 1.4130335228300512,
    "tau_d_w_ampa": 10.796724055582287,
    "tp_w_ampa": 2.2862712220595682,
    "fact_w_ampa": 1.337341440034658,
    "tau1_nmda": 3.641768714067329,
    "tau_d_sing_nmda": 204.22346702231886,
    "tp_single_nmda": 14.930723976601538,
    "fact_single_nmda": 1.0953817376095767,
    "tau_d_w_nmda": 185.74643469969988,
    "tp_w_nmda": 14.605474618881109,
    "fact_w_nmda": 1.1034395133303316,
    "nmda_ratio": 1.046477
  }
}