{
  "metadata": {
    "input_region": "S1",
    "cell_type": "ChIN"
  },
  "data": {
    "tau1_ampa": 0.8193979606651489,
    "tau2_ampa": 4.843493490278539,
    "tau3_ampa": 88.10540099993297,
    "I2_ampa": -1.7053375276644112,
    "I3_ampa": -0.1313211905199106,
    "tpeak_ampa": 1.8196114247088708,
    "factor_ampa": -0.9086333356456011,
    "tau1_nmda": 3.641768714067329,
    "tau2_nmda": 75.7547583368664,
    "tau3_nmda": 361.8362058882205,
    "I2_nmda": 0.6974392362743176,
    "I3_nmda": 0.4356443256650913,
    "tpeak_nmda": 12.933997800325871,
    "factor_nmda": 1.0247757305786278,
    "nmda_ratio": 1.046477
  }
}