{
  "metadata": {
    "input_region": "S1",
    "cell_type": "dSPN"
  },
  "data": {
    "test_my_fitting_ampa": 0.00436542371318463,
    "test_single_fitting_ampa": 0.010215814339263248,
    "test_w_fitting_ampa": 0.012869386233133532,
    "test_my_fitting_nmda": 0.004146078237090739,
    "test_single_fitting_nmda": 0.03813522259390766,
    "test_w_fitting_nmda": 0.0394532442450065
  }
}