{
  "metadata": {
    "input_region": "S1",
    "cell_type": "dSPN"
  },
  "data": {
    "tau1_ampa": 1.0014861974403986,
    "tau2_ampa": 5.629594949499366,
    "tau3_ampa": 150.95569100552052,
    "I2_ampa": -2.158191384736913,
    "I3_ampa": -0.038050749644900815,
    "tpeak_ampa": 2.123425619383005,
    "factor_ampa": -0.7974288689015322,
    "tau1_nmda": 1.4567071962769433,
    "tau2_nmda": 33.56836439797659,
    "tau3_nmda": 232.36136480106896,
    "I2_nmda": 0.8257425311140477,
    "I3_nmda": 0.34011671576368124,
    "tpeak_nmda": 5.202765383563165,
    "factor_nmda": 0.9930508818025612,
    "nmda_ratio": 0.210689
  }
}