{
  "metadata": {
    "input_region": "S1",
    "cell_type": "dSPN"
  },
  "data": {
    "tau1_ampa": 1.0014861974403986,
    "tau_d_sing_ampa": 6.3490273283010925,
    "tp_single_ampa": 2.1959466464273123,
    "fact_single_ampa": 1.677888436610054,
    "tau_d_w_ampa": 8.14742611726159,
    "tp_w_ampa": 2.39354871498758,
    "fact_w_ampa": 1.5294947469269806,
    "tau1_nmda": 1.4567071962769433,
    "tau_d_sing_nmda": 104.70121147466871,
    "tp_single_nmda": 6.315187578421221,
    "fact_single_nmda": 1.0771589417784222,
    "tau_d_w_nmda": 91.56234931582972,
    "tp_w_nmda": 6.129510943553703,
    "fact_w_nmda": 1.0865211052635357,
    "nmda_ratio": 0.210689
  }
}