{
  "metadata": {
    "input_region": "S1",
    "cell_type": "FS"
  },
  "data": {
    "test_my_fitting_ampa": 0.005866727528536757,
    "test_single_fitting_ampa": 0.012543334056068245,
    "test_w_fitting_ampa": 0.016047495047403767,
    "test_my_fitting_nmda": 0.019221533630431654,
    "test_single_fitting_nmda": 0.05145613980725774,
    "test_w_fitting_nmda": 0.05168370702784155
  }
}