{
  "metadata": {
    "input_region": "S1",
    "cell_type": "iSPN"
  },
  "data": {
    "test_my_fitting_ampa": 0.004938304108608481,
    "test_single_fitting_ampa": 0.018504081027459828,
    "test_w_fitting_ampa": 0.02166210492899843,
    "test_my_fitting_nmda": 0.004750291797979267,
    "test_single_fitting_nmda": 0.033631261326847586,
    "test_w_fitting_nmda": 0.03824740937191228
  }
}