{
  "metadata": {
    "input_region": "S1",
    "cell_type": "iSPN"
  },
  "data": {
    "tau1_ampa": 1.2746187335175003,
    "tau_d_sing_ampa": 7.393277208651836,
    "tp_single_ampa": 2.707454520013905,
    "fact_single_ampa": 1.742695682344672,
    "tau_d_w_ampa": 10.981497422700075,
    "tp_w_ampa": 3.105418840230299,
    "fact_w_ampa": 1.5010479417433966,
    "tau1_nmda": 2.002972295527501,
    "tau_d_sing_nmda": 131.45682916036802,
    "tp_single_nmda": 8.510196345895801,
    "fact_single_nmda": 1.0833862768618134,
    "tau_d_w_nmda": 108.02346957937031,
    "tp_w_nmda": 8.138183516149006,
    "fact_w_nmda": 1.0986182444310015,
    "nmda_ratio": 0.267466
  }
}